{
  "run_name": "model_Seed_42",
  "timestamp": "20260316_114714",
  "dataset": "movies",
  "seed": 42,
  "config": {
    "batch_size": 2048,
    "num_neg_samples": 5,
    "lr": 0.001,
    "weight_decay": 1e-05,
    "epochs": 100,
    "early_stop_patience": 5,
    "embedding_dim": 384,
    "hidden_dim": 256,
    "dropout": 0.2
  },
  "test_metrics": {
    "loss": 0.4103043892166831,
    "accuracy": 0.8387802599842723,
    "precision": 0.5758929136391436,
    "recall": 0.11902177024474371,
    "ndcg": 0.5758929136391436
  },
  "ranking_results": {
    "10": {
      "precision": 0.004280000000000032,
      "recall": 0.011493331288378664,
      "ndcg": 0.019249535402645113
    },
    "20": {
      "precision": 0.0037500000000000072,
      "recall": 0.019667608606180626,
      "ndcg": 0.026250392424934047
    }
  },
  "execution_time_sec": 3466.791970014572
}