{
  "run_name": "model_Seed_1234",
  "timestamp": "20260316_181307",
  "dataset": "movies",
  "seed": 1234,
  "config": {
    "batch_size": 2048,
    "num_neg_samples": 5,
    "lr": 0.001,
    "weight_decay": 1e-05,
    "epochs": 100,
    "early_stop_patience": 5,
    "embedding_dim": 384,
    "hidden_dim": 256,
    "dropout": 0.2
  },
  "test_metrics": {
    "loss": 0.41143819147890265,
    "accuracy": 0.8404633667747052,
    "precision": 0.594643115987319,
    "recall": 0.1298784122622911,
    "ndcg": 0.594643115987319
  },
  "ranking_results": {
    "10": {
      "precision": 0.005080000000000039,
      "recall": 0.01377084728097768,
      "ndcg": 0.022095546003371755
    },
    "20": {
      "precision": 0.004659999999999967,
      "recall": 0.024676605871639674,
      "ndcg": 0.03101846838371153
    }
  },
  "execution_time_sec": 4891.824056625366
}